ID,DATE,TO USER ACCOUNT,TO USER ACCOUNT ID,TO ETH ADDRESS,FROM USER ACCOUNT,FROM USER ACCOUNT ID,FROM ETH ADDRESS,REASON,SOURCE ID,SOURCE NAME,SCORE 1,SCORE 2,SCORE 3,SCORE 4,DUPLICATE ID 1,DUPLICATE ID 2,DUPLICATE ID 3,DUPLICATE ID 4,DISMISSED 1,DISMISSED 2,DISMISSED 3,DISMISSED 4,QUANTIFIER 1 USERNAME,QUANTIFIER 1 ETH ADDRESS,QUANTIFIER 2 USERNAME,QUANTIFIER 2 ETH ADDRESS,QUANTIFIER 3 USERNAME,QUANTIFIER 3 ETH ADDRESS,QUANTIFIER 4 USERNAME,QUANTIFIER 4 ETH ADDRESS,AVG SCORE,PERCENTAGE,TOKEN TO RECEIVE
6416271f86f591dd748e06df,2023-03-18T21:03:27.663Z,r-x-x#8344,62719c82d6f46f43ffe0ce96,0x1409a9ef3450D5d50aAd004f417436e772FbF8fC,acidlazzer#5796,621f79d095a79aa51435b5c8,0x8aA27E90E139d5AB5704df69429341cbCb2d2464,for updating the security of the TEC twitter credentials,DISCORD:810180621930070088:810180622336262195,DISCORD:Token%20Engineering%20Commons:%F0%9F%99%8F%EF%BD%9Cpraise,5,34,55,55,,,,,False,False,False,False,lee0007#8152,0x3E31155a1c17c9F85e74828447aec412090a4622,tigeroid#2951,0xd3898129d4acb0F8039b1B9D6367B236F1E6100f,bear100#9085,0x47a5BA5BE900fC22AD31BEC4c1ff54Df8e67cd70,divine_comedian#5493,0x320c338BCF70bAAaE26e96201C33B48105Bc62C2,37.25,0.08858501783590964,4.255276560642093
6418fbfc86f591dd748e06ee,2023-03-21T00:36:12.812Z,JHennyArt#2106,63b5a2afef905c1d9bee6819,0xeC3de6e05F3c5A0b8304488Be1f114ED0104e10D,acidlazzer#5796,621f79d095a79aa51435b5c8,0x8aA27E90E139d5AB5704df69429341cbCb2d2464,for the strong Comms team we are building 🚀,DISCORD:810180621930070088:810180622336262195,DISCORD:Token%20Engineering%20Commons:%F0%9F%99%8F%EF%BD%9Cpraise,3,5,34,5,,,,,False,False,False,False,lee0007#8152,0x3E31155a1c17c9F85e74828447aec412090a4622,tigeroid#2951,0xd3898129d4acb0F8039b1B9D6367B236F1E6100f,bear100#9085,0x47a5BA5BE900fC22AD31BEC4c1ff54Df8e67cd70,divine_comedian#5493,0x320c338BCF70bAAaE26e96201C33B48105Bc62C2,11.75,0.02794292508917955,1.3422684453032105
6418fbfd86f591dd748e06f5,2023-03-21T00:36:13.418Z,Marathonmind#3078,63b5e810ef905c1d9bee86a0,0x721bA19c32051Fd8e851a74958C52936516c7fDC,acidlazzer#5796,621f79d095a79aa51435b5c8,0x8aA27E90E139d5AB5704df69429341cbCb2d2464,for the strong Comms team we are building 🚀,DISCORD:810180621930070088:810180622336262195,DISCORD:Token%20Engineering%20Commons:%F0%9F%99%8F%EF%BD%9Cpraise,3,5,34,8,,,,,False,False,False,False,lee0007#8152,0x3E31155a1c17c9F85e74828447aec412090a4622,tigeroid#2951,0xd3898129d4acb0F8039b1B9D6367B236F1E6100f,bear100#9085,0x47a5BA5BE900fC22AD31BEC4c1ff54Df8e67cd70,divine_comedian#5493,0x320c338BCF70bAAaE26e96201C33B48105Bc62C2,12.5,0.029726516052318668,1.4279451545778834
641c5d9a6b7c30df7f848dd0,2023-03-23T14:09:30.973Z,kristofer#1475,621f79cf95a79aa51435b300,0xa32aECda752cF4EF89956e83d60C04835d4FA867,divine_comedian#5493,621f79cf95a79aa51435b4cc,0x320c338BCF70bAAaE26e96201C33B48105Bc62C2,for resolving the accounting issue with our praise deployment and getting it back up and running,DISCORD:810180621930070088:810180622336262195,DISCORD:Token%20Engineering%20Commons:%F0%9F%99%8F%EF%BD%9Cpraise,8,21,21,55,,,,,False,False,False,False,lee0007#8152,0x3E31155a1c17c9F85e74828447aec412090a4622,tigeroid#2951,0xd3898129d4acb0F8039b1B9D6367B236F1E6100f,bear100#9085,0x47a5BA5BE900fC22AD31BEC4c1ff54Df8e67cd70,divine_comedian#5493,0x320c338BCF70bAAaE26e96201C33B48105Bc62C2,26.25,0.0624256837098692,2.998684824613555
641c5dc26b7c30df7f848ddf,2023-03-23T14:10:10.792Z,Maxwe11#7157,623365456cf31bb86af2d4e3,0x3F20a6fE04b3A4b37bBBBea826ae23be56Baed74,divine_comedian#5493,621f79cf95a79aa51435b4cc,0x320c338BCF70bAAaE26e96201C33B48105Bc62C2,"for being such an intelligent and thoughtful person to collaborate and co-PM with on the Twitter Praise proposal, what a dream!",DISCORD:810180621930070088:810180622336262195,DISCORD:Token%20Engineering%20Commons:%F0%9F%99%8F%EF%BD%9Cpraise,8,21,13,34,,,,,False,False,False,False,lee0007#8152,0x3E31155a1c17c9F85e74828447aec412090a4622,tigeroid#2951,0xd3898129d4acb0F8039b1B9D6367B236F1E6100f,bear100#9085,0x47a5BA5BE900fC22AD31BEC4c1ff54Df8e67cd70,divine_comedian#5493,0x320c338BCF70bAAaE26e96201C33B48105Bc62C2,19.0,0.04518430439952437,2.1704766349583826
641c6a686b7c30df7f848dee,2023-03-23T15:04:08.570Z,GideonRo#3175,621f79d595a79aa51435c5ff,0xB08F0ca73E8A59a1b7970e22B8ed2F9142c3fA53,Maxwe11#7157,623365456cf31bb86af2d4e3,0x3F20a6fE04b3A4b37bBBBea826ae23be56Baed74,"For all the great and thoughtful feedback on the Twitter Praise proposal, thank you!",DISCORD:810180621930070088:810180622336262195,DISCORD:Token%20Engineering%20Commons:%F0%9F%99%8F%EF%BD%9Cpraise,5,8,8,13,,,,,False,False,False,False,lee0007#8152,0x3E31155a1c17c9F85e74828447aec412090a4622,tigeroid#2951,0xd3898129d4acb0F8039b1B9D6367B236F1E6100f,bear100#9085,0x47a5BA5BE900fC22AD31BEC4c1ff54Df8e67cd70,divine_comedian#5493,0x320c338BCF70bAAaE26e96201C33B48105Bc62C2,8.5,0.020214030915576695,0.9710027051129607
641c6a696b7c30df7f848df5,2023-03-23T15:04:09.273Z,natesuits#4789,621f79cf95a79aa51435b2f7,0x66dF5A7715C5D4AfbBFA52435c66aa20733be0d1,Maxwe11#7157,623365456cf31bb86af2d4e3,0x3F20a6fE04b3A4b37bBBBea826ae23be56Baed74,"For all the great and thoughtful feedback on the Twitter Praise proposal, thank you!",DISCORD:810180621930070088:810180622336262195,DISCORD:Token%20Engineering%20Commons:%F0%9F%99%8F%EF%BD%9Cpraise,5,8,8,21,,,,,False,False,False,False,lee0007#8152,0x3E31155a1c17c9F85e74828447aec412090a4622,tigeroid#2951,0xd3898129d4acb0F8039b1B9D6367B236F1E6100f,bear100#9085,0x47a5BA5BE900fC22AD31BEC4c1ff54Df8e67cd70,divine_comedian#5493,0x320c338BCF70bAAaE26e96201C33B48105Bc62C2,10.5,0.02497027348394768,1.199473929845422
641c6a6a6b7c30df7f848dfc,2023-03-23T15:04:10.396Z,liviade#1387,621f79ce95a79aa51435b227,0xF8D1d34956cEa24718cf8687588D6FeDbc6d9AA6,Maxwe11#7157,623365456cf31bb86af2d4e3,0x3F20a6fE04b3A4b37bBBBea826ae23be56Baed74,"For all the great and thoughtful feedback on the Twitter Praise proposal, thank you!",DISCORD:810180621930070088:810180622336262195,DISCORD:Token%20Engineering%20Commons:%F0%9F%99%8F%EF%BD%9Cpraise,5,8,8,13,,,,,False,False,False,False,lee0007#8152,0x3E31155a1c17c9F85e74828447aec412090a4622,tigeroid#2951,0xd3898129d4acb0F8039b1B9D6367B236F1E6100f,bear100#9085,0x47a5BA5BE900fC22AD31BEC4c1ff54Df8e67cd70,divine_comedian#5493,0x320c338BCF70bAAaE26e96201C33B48105Bc62C2,8.5,0.020214030915576695,0.9710027051129607
641ca06c6b7c30df7f848e0b,2023-03-23T18:54:36.585Z,akrtws (TE Academy)#4246,621f79cf95a79aa51435b3c3,0xA26d6AEB775a9528c012B748ACe66E3B0FD574cE,divine_comedian#5493,621f79cf95a79aa51435b4cc,0x320c338BCF70bAAaE26e96201C33B48105Bc62C2,"for doing a great job presenting the TEA during the OP RPGF showcase on proof of integrity! Camera on and slides ready, always so well prepared :)",DISCORD:810180621930070088:810180622336262195,DISCORD:Token%20Engineering%20Commons:%F0%9F%99%8F%EF%BD%9Cpraise,8,21,21,21,,,,,False,False,False,False,lee0007#8152,0x3E31155a1c17c9F85e74828447aec412090a4622,tigeroid#2951,0xd3898129d4acb0F8039b1B9D6367B236F1E6100f,bear100#9085,0x47a5BA5BE900fC22AD31BEC4c1ff54Df8e67cd70,divine_comedian#5493,0x320c338BCF70bAAaE26e96201C33B48105Bc62C2,17.75,0.04221165279429251,2.0276821195005943
6421de2f6b7c30df7f848e1a,2023-03-27T18:19:27.097Z,kristofer#1475,621f79cf95a79aa51435b300,0xa32aECda752cF4EF89956e83d60C04835d4FA867,natesuits#4789,621f79cf95a79aa51435b2f7,0x66dF5A7715C5D4AfbBFA52435c66aa20733be0d1,for an awesome Twitter Spaces Discussion around Reputation Systems and Landscape Evaluation!,DISCORD:810180621930070088:810180622336262195,DISCORD:Token%20Engineering%20Commons:%F0%9F%99%8F%EF%BD%9Cpraise,8,13,21,21,,,,,False,False,False,False,lee0007#8152,0x3E31155a1c17c9F85e74828447aec412090a4622,tigeroid#2951,0xd3898129d4acb0F8039b1B9D6367B236F1E6100f,bear100#9085,0x47a5BA5BE900fC22AD31BEC4c1ff54Df8e67cd70,divine_comedian#5493,0x320c338BCF70bAAaE26e96201C33B48105Bc62C2,15.75,0.03745541022592152,1.799210894768133
6421de306b7c30df7f848e21,2023-03-27T18:19:28.126Z,acidlazzer#5796,621f79d095a79aa51435b5c8,0x8aA27E90E139d5AB5704df69429341cbCb2d2464,natesuits#4789,621f79cf95a79aa51435b2f7,0x66dF5A7715C5D4AfbBFA52435c66aa20733be0d1,for an awesome Twitter Spaces Discussion around Reputation Systems and Landscape Evaluation!,DISCORD:810180621930070088:810180622336262195,DISCORD:Token%20Engineering%20Commons:%F0%9F%99%8F%EF%BD%9Cpraise,8,8,21,13,,,,,False,False,False,False,lee0007#8152,0x3E31155a1c17c9F85e74828447aec412090a4622,tigeroid#2951,0xd3898129d4acb0F8039b1B9D6367B236F1E6100f,bear100#9085,0x47a5BA5BE900fC22AD31BEC4c1ff54Df8e67cd70,divine_comedian#5493,0x320c338BCF70bAAaE26e96201C33B48105Bc62C2,12.5,0.029726516052318668,1.4279451545778834
6421de306b7c30df7f848e28,2023-03-27T18:19:28.963Z,JHennyArt#2106,63b5a2afef905c1d9bee6819,0xeC3de6e05F3c5A0b8304488Be1f114ED0104e10D,natesuits#4789,621f79cf95a79aa51435b2f7,0x66dF5A7715C5D4AfbBFA52435c66aa20733be0d1,for an awesome Twitter Spaces Discussion around Reputation Systems and Landscape Evaluation!,DISCORD:810180621930070088:810180622336262195,DISCORD:Token%20Engineering%20Commons:%F0%9F%99%8F%EF%BD%9Cpraise,8,13,21,34,,,,,False,False,False,False,lee0007#8152,0x3E31155a1c17c9F85e74828447aec412090a4622,tigeroid#2951,0xd3898129d4acb0F8039b1B9D6367B236F1E6100f,bear100#9085,0x47a5BA5BE900fC22AD31BEC4c1ff54Df8e67cd70,divine_comedian#5493,0x320c338BCF70bAAaE26e96201C33B48105Bc62C2,19.0,0.04518430439952437,2.1704766349583826
6421de326b7c30df7f848e2f,2023-03-27T18:19:30.041Z,Marathonmind#3078,63b5e810ef905c1d9bee86a0,0x721bA19c32051Fd8e851a74958C52936516c7fDC,natesuits#4789,621f79cf95a79aa51435b2f7,0x66dF5A7715C5D4AfbBFA52435c66aa20733be0d1,for an awesome Twitter Spaces Discussion around Reputation Systems and Landscape Evaluation!,DISCORD:810180621930070088:810180622336262195,DISCORD:Token%20Engineering%20Commons:%F0%9F%99%8F%EF%BD%9Cpraise,8,13,21,34,,,,,False,False,False,False,lee0007#8152,0x3E31155a1c17c9F85e74828447aec412090a4622,tigeroid#2951,0xd3898129d4acb0F8039b1B9D6367B236F1E6100f,bear100#9085,0x47a5BA5BE900fC22AD31BEC4c1ff54Df8e67cd70,divine_comedian#5493,0x320c338BCF70bAAaE26e96201C33B48105Bc62C2,19.0,0.04518430439952437,2.1704766349583826
6425be4d6b7c30df7f848e3e,2023-03-30T16:52:29.193Z,GideonRo#3175,621f79d595a79aa51435c5ff,0xB08F0ca73E8A59a1b7970e22B8ed2F9142c3fA53,Tamarandom#9361,621f79ce95a79aa51435b225,0xcf79C7EaEC5BDC1A9e32D099C5D6BdF67E4cF6e8,hosting the Joint TEA-TEC AMA and the months of effort and thorughfulness that went into this proposal. What we see on the forum is the effort of hundreds and hundreds of hours of tireless work toward a win-win strategy for all.,DISCORD:810180621930070088:810180622336262195,DISCORD:Token%20Engineering%20Commons:%F0%9F%99%8F%EF%BD%9Cpraise,21,13,144,144,,,,,False,False,False,False,lee0007#8152,0x3E31155a1c17c9F85e74828447aec412090a4622,tigeroid#2951,0xd3898129d4acb0F8039b1B9D6367B236F1E6100f,bear100#9085,0x47a5BA5BE900fC22AD31BEC4c1ff54Df8e67cd70,divine_comedian#5493,0x320c338BCF70bAAaE26e96201C33B48105Bc62C2,80.5,0.19143876337693222,9.195966795481569
6425be4d6b7c30df7f848e45,2023-03-30T16:52:29.906Z,akrtws (TE Academy)#4246,621f79cf95a79aa51435b3c3,0xA26d6AEB775a9528c012B748ACe66E3B0FD574cE,Tamarandom#9361,621f79ce95a79aa51435b225,0xcf79C7EaEC5BDC1A9e32D099C5D6BdF67E4cF6e8,hosting the Joint TEA-TEC AMA and the months of effort and thorughfulness that went into this proposal. What we see on the forum is the effort of hundreds and hundreds of hours of tireless work toward a win-win strategy for all.,DISCORD:810180621930070088:810180622336262195,DISCORD:Token%20Engineering%20Commons:%F0%9F%99%8F%EF%BD%9Cpraise,21,13,144,144,,,,,False,False,False,False,lee0007#8152,0x3E31155a1c17c9F85e74828447aec412090a4622,tigeroid#2951,0xd3898129d4acb0F8039b1B9D6367B236F1E6100f,bear100#9085,0x47a5BA5BE900fC22AD31BEC4c1ff54Df8e67cd70,divine_comedian#5493,0x320c338BCF70bAAaE26e96201C33B48105Bc62C2,80.5,0.19143876337693222,9.195966795481569
642c69586b7c30df7f848e54,2023-04-04T18:15:52.867Z,Active Inference Institute#3629,621f79dc95a79aa51435e1cb,0xEFCDc3A4164846b7e39C4708a7C816f4459F26bF,Tamarandom#9361,621f79ce95a79aa51435b225,0xcf79C7EaEC5BDC1A9e32D099C5D6BdF67E4cF6e8,taking the time to talk me through your insights and experience from structuring and organizing boards for the Active Inference Institute. The model of their Scientific Advisory Board is one that will certainly be of help to ours in the TEC.,DISCORD:810180621930070088:810180622336262195,DISCORD:Token%20Engineering%20Commons:%F0%9F%99%8F%EF%BD%9Cpraise,8,13,8,13,,,,,False,False,False,False,lee0007#8152,0x3E31155a1c17c9F85e74828447aec412090a4622,tigeroid#2951,0xd3898129d4acb0F8039b1B9D6367B236F1E6100f,bear100#9085,0x47a5BA5BE900fC22AD31BEC4c1ff54Df8e67cd70,divine_comedian#5493,0x320c338BCF70bAAaE26e96201C33B48105Bc62C2,10.5,0.02497027348394768,1.199473929845422
642c83fd6b7c30df7f848e63,2023-04-04T20:09:33.734Z,Isaac (enti)#1546,6220d93f95a79aa51436be5e,0x6897aBe0fD62B589260784B21F4ca3F78A0D8017,divine_comedian#5493,621f79cf95a79aa51435b4cc,0x320c338BCF70bAAaE26e96201C33B48105Bc62C2,"for writing up a proposal to diversify our treasury into ETH, thanks for taking the time to review and propose improvement to the TECs treasury management",DISCORD:810180621930070088:810180622336262195,DISCORD:Token%20Engineering%20Commons:%F0%9F%99%8F%EF%BD%9Cpraise,13,21,21,34,,,,,False,False,False,False,lee0007#8152,0x3E31155a1c17c9F85e74828447aec412090a4622,tigeroid#2951,0xd3898129d4acb0F8039b1B9D6367B236F1E6100f,bear100#9085,0x47a5BA5BE900fC22AD31BEC4c1ff54Df8e67cd70,divine_comedian#5493,0x320c338BCF70bAAaE26e96201C33B48105Bc62C2,22.25,0.05291319857312723,2.5417423751486323
642c84146b7c30df7f848e72,2023-04-04T20:09:56.399Z,GideonRo#3175,621f79d595a79aa51435c5ff,0xB08F0ca73E8A59a1b7970e22B8ed2F9142c3fA53,divine_comedian#5493,621f79cf95a79aa51435b4cc,0x320c338BCF70bAAaE26e96201C33B48105Bc62C2,for taking some much deserved rest and heading off on vacation,DISCORD:810180621930070088:810180622336262195,DISCORD:Token%20Engineering%20Commons:%F0%9F%99%8F%EF%BD%9Cpraise,5,3,5,21,,,,,False,False,False,False,lee0007#8152,0x3E31155a1c17c9F85e74828447aec412090a4622,tigeroid#2951,0xd3898129d4acb0F8039b1B9D6367B236F1E6100f,bear100#9085,0x47a5BA5BE900fC22AD31BEC4c1ff54Df8e67cd70,divine_comedian#5493,0x320c338BCF70bAAaE26e96201C33B48105Bc62C2,8.5,0.020214030915576695,0.9710027051129607
